{
  "info": [
    44,
    3,
    2,
    2,
    5.45455,
    22.2222,
    33.3333,
    30.4878,
    -0.598,
    0.995,
    -3.337,
    "\u9898\u6750\u5b58\u5728\u7092\u4f5c\u673a\u4f1a"
  ],
  "ttag": 0.0013380000000000059,
  "errcode": "0"
}